user_id,date,tweet,lang
user_34,2024-02-07,Random tweet content 0,ru
user_41,2024-02-20,Random tweet content 1,tr
user_17,2024-02-14,Random tweet content 2,nl
user_57,2024-02-06,Random tweet content 3,zh
user_24,2024-02-08,Random tweet content 4,fr
user_29,2024-02-04,Random tweet content 5,zh
user_97,2024-02-03,Random tweet content 6,fr
user_50,2024-02-02,Random tweet content 7,tr
user_91,2024-02-24,Random tweet content 8,es
user_63,2024-02-27,Random tweet content 9,tr
user_24,2024-02-25,Random tweet content 10,ja
user_90,2024-02-21,Random tweet content 11,nl
user_74,2024-02-15,Random tweet content 12,zh
user_34,2024-02-19,Random tweet content 13,ru
user_18,2024-02-18,Random tweet content 14,tr
user_63,2024-02-13,Random tweet content 15,de
user_6,2024-02-06,Random tweet content 16,fr
user_66,2024-02-24,Random tweet content 17,nl
user_39,2024-02-18,Random tweet content 18,de
user_69,2024-02-04,Random tweet content 19,tr
user_21,2024-02-22,Random tweet content 20,zh
user_14,2024-02-20,Random tweet content 21,en
user_44,2024-02-01,Random tweet content 22,it
user_52,2024-02-11,Random tweet content 23,ru
user_100,2024-02-04,Random tweet content 24,en
user_97,2024-02-13,Random tweet content 25,en
user_50,2024-02-20,Random tweet content 26,nl
user_90,2024-02-13,Random tweet content 27,de
user_45,2024-02-07,Random tweet content 28,nl
user_60,2024-02-23,Random tweet content 29,fr
user_68,2024-02-19,Random tweet content 30,de
user_96,2024-02-18,Random tweet content 31,nl
user_78,2024-02-25,Random tweet content 32,en
user_43,2024-02-08,Random tweet content 33,ru
user_69,2024-02-15,Random tweet content 34,it
user_45,2024-02-04,Random tweet content 35,nl
user_54,2024-02-19,Random tweet content 36,de
user_5,2024-02-12,Random tweet content 37,tr
user_35,2024-02-19,Random tweet content 38,it
user_9,2024-02-26,Random tweet content 39,nl
user_89,2024-02-01,Random tweet content 40,tr
user_80,2024-02-08,Random tweet content 41,it
user_3,2024-02-08,Random tweet content 42,tr
user_63,2024-02-13,Random tweet content 43,nl
user_42,2024-02-17,Random tweet content 44,en
user_27,2024-02-08,Random tweet content 45,de
user_1,2024-02-03,Random tweet content 46,tr
user_56,2024-02-03,Random tweet content 47,ja
user_75,2024-02-25,Random tweet content 48,zh
user_85,2024-02-19,Random tweet content 49,de
user_84,2024-02-24,Random tweet content 50,fr
user_83,2024-02-10,Random tweet content 51,fr
user_83,2024-02-21,Random tweet content 52,de
user_55,2024-02-08,Random tweet content 53,de
user_52,2024-02-20,Random tweet content 54,ja
user_6,2024-02-04,Random tweet content 55,zh
user_81,2024-02-04,Random tweet content 56,nl
user_33,2024-02-27,Random tweet content 57,zh
user_13,2024-02-19,Random tweet content 58,ja
user_90,2024-02-27,Random tweet content 59,de
user_58,2024-02-04,Random tweet content 60,tr
user_8,2024-02-13,Random tweet content 61,de
user_38,2024-02-11,Random tweet content 62,tr
user_35,2024-02-16,Random tweet content 63,es
user_15,2024-02-18,Random tweet content 64,tr
user_81,2024-02-22,Random tweet content 65,de
user_45,2024-02-05,Random tweet content 66,en
user_26,2024-02-11,Random tweet content 67,ru
user_92,2024-02-07,Random tweet content 68,ru
user_84,2024-02-09,Random tweet content 69,ja
user_44,2024-02-05,Random tweet content 70,tr
user_78,2024-02-28,Random tweet content 71,nl
user_98,2024-02-23,Random tweet content 72,de
user_56,2024-02-24,Random tweet content 73,fr
user_56,2024-02-07,Random tweet content 74,zh
user_50,2024-02-07,Random tweet content 75,en
user_38,2024-02-03,Random tweet content 76,ru
user_63,2024-02-27,Random tweet content 77,it
user_51,2024-02-19,Random tweet content 78,tr
user_36,2024-02-14,Random tweet content 79,tr
user_96,2024-02-11,Random tweet content 80,en
user_19,2024-02-17,Random tweet content 81,zh
user_86,2024-02-11,Random tweet content 82,nl
user_78,2024-02-13,Random tweet content 83,de
user_10,2024-02-27,Random tweet content 84,en
user_58,2024-02-19,Random tweet content 85,ja
user_90,2024-02-19,Random tweet content 86,de
user_41,2024-02-27,Random tweet content 87,fr
user_40,2024-02-19,Random tweet content 88,tr
user_100,2024-02-01,Random tweet content 89,de
user_73,2024-02-01,Random tweet content 90,en
user_69,2024-02-25,Random tweet content 91,nl
user_29,2024-02-23,Random tweet content 92,zh
user_58,2024-02-15,Random tweet content 93,ru
user_60,2024-02-27,Random tweet content 94,en
user_6,2024-02-06,Random tweet content 95,it
user_19,2024-02-09,Random tweet content 96,fr
user_7,2024-02-24,Random tweet content 97,zh
user_55,2024-02-08,Random tweet content 98,es
user_45,2024-02-18,Random tweet content 99,zh
user_66,2024-02-14,Random tweet content 100,nl
user_36,2024-02-13,Random tweet content 101,it
user_26,2024-02-13,Random tweet content 102,en
user_15,2024-02-25,Random tweet content 103,tr
user_14,2024-02-08,Random tweet content 104,tr
user_38,2024-02-24,Random tweet content 105,nl
user_13,2024-02-05,Random tweet content 106,tr
user_93,2024-02-12,Random tweet content 107,zh
user_47,2024-02-20,Random tweet content 108,nl
user_19,2024-02-19,Random tweet content 109,tr
user_8,2024-02-28,Random tweet content 110,fr
user_92,2024-02-17,Random tweet content 111,zh
user_33,2024-02-08,Random tweet content 112,ru
user_72,2024-02-20,Random tweet content 113,nl
user_83,2024-02-13,Random tweet content 114,ja
user_58,2024-02-12,Random tweet content 115,ru
user_26,2024-02-27,Random tweet content 116,tr
user_31,2024-02-24,Random tweet content 117,es
user_93,2024-02-08,Random tweet content 118,es
user_83,2024-02-22,Random tweet content 119,ru
user_22,2024-02-21,Random tweet content 120,nl
user_20,2024-02-08,Random tweet content 121,tr
user_80,2024-02-22,Random tweet content 122,de
user_35,2024-02-03,Random tweet content 123,nl
user_26,2024-02-16,Random tweet content 124,en
user_37,2024-02-01,Random tweet content 125,nl
user_41,2024-02-02,Random tweet content 126,ru
user_74,2024-02-27,Random tweet content 127,it
user_74,2024-02-17,Random tweet content 128,ja
user_11,2024-02-03,Random tweet content 129,zh
user_93,2024-02-27,Random tweet content 130,en
user_37,2024-02-01,Random tweet content 131,ja
user_63,2024-02-04,Random tweet content 132,zh
user_8,2024-02-22,Random tweet content 133,fr
user_60,2024-02-27,Random tweet content 134,tr
user_61,2024-02-05,Random tweet content 135,fr
user_8,2024-02-12,Random tweet content 136,zh
user_64,2024-02-14,Random tweet content 137,nl
user_78,2024-02-15,Random tweet content 138,en
user_2,2024-02-27,Random tweet content 139,ru
user_55,2024-02-02,Random tweet content 140,tr
user_33,2024-02-25,Random tweet content 141,zh
user_29,2024-02-21,Random tweet content 142,en
user_25,2024-02-15,Random tweet content 143,de
user_58,2024-02-20,Random tweet content 144,en
user_12,2024-02-27,Random tweet content 145,de
user_33,2024-02-10,Random tweet content 146,es
user_2,2024-02-25,Random tweet content 147,ja
user_19,2024-02-18,Random tweet content 148,ja
user_6,2024-02-16,Random tweet content 149,nl
user_31,2024-02-01,Random tweet content 150,ja
user_33,2024-02-06,Random tweet content 151,tr
user_36,2024-02-23,Random tweet content 152,it
user_2,2024-02-06,Random tweet content 153,zh
user_30,2024-02-10,Random tweet content 154,fr
user_22,2024-02-22,Random tweet content 155,zh
user_83,2024-02-05,Random tweet content 156,ja
user_49,2024-02-17,Random tweet content 157,ru
user_49,2024-02-03,Random tweet content 158,it
user_48,2024-02-24,Random tweet content 159,ru
user_28,2024-02-15,Random tweet content 160,fr
user_19,2024-02-25,Random tweet content 161,tr
user_28,2024-02-09,Random tweet content 162,en
user_98,2024-02-26,Random tweet content 163,es
user_22,2024-02-27,Random tweet content 164,tr
user_32,2024-02-19,Random tweet content 165,es
user_82,2024-02-19,Random tweet content 166,ru
user_18,2024-02-06,Random tweet content 167,tr
user_70,2024-02-15,Random tweet content 168,fr
user_76,2024-02-12,Random tweet content 169,tr
user_87,2024-02-10,Random tweet content 170,ja
user_58,2024-02-28,Random tweet content 171,ja
user_27,2024-02-03,Random tweet content 172,tr
user_13,2024-02-01,Random tweet content 173,fr
user_15,2024-02-12,Random tweet content 174,ru
user_36,2024-02-07,Random tweet content 175,it
user_6,2024-02-18,Random tweet content 176,es
user_1,2024-02-17,Random tweet content 177,nl
user_20,2024-02-09,Random tweet content 178,nl
user_1,2024-02-16,Random tweet content 179,ja
user_70,2024-02-13,Random tweet content 180,it
user_99,2024-02-15,Random tweet content 181,nl
user_86,2024-02-03,Random tweet content 182,ru
user_50,2024-02-13,Random tweet content 183,zh
user_56,2024-02-08,Random tweet content 184,ru
user_90,2024-02-13,Random tweet content 185,zh
user_33,2024-02-26,Random tweet content 186,ru
user_90,2024-02-21,Random tweet content 187,es
user_6,2024-02-10,Random tweet content 188,ru
user_2,2024-02-05,Random tweet content 189,ja
user_11,2024-02-21,Random tweet content 190,nl
user_65,2024-02-10,Random tweet content 191,de
user_83,2024-02-28,Random tweet content 192,en
user_83,2024-02-13,Random tweet content 193,fr
user_96,2024-02-09,Random tweet content 194,es
user_4,2024-02-22,Random tweet content 195,tr
user_45,2024-02-15,Random tweet content 196,fr
user_19,2024-02-21,Random tweet content 197,nl
user_65,2024-02-07,Random tweet content 198,ja
user_29,2024-02-24,Random tweet content 199,en
user_70,2024-02-19,Random tweet content 200,it
user_17,2024-02-05,Random tweet content 201,tr
user_60,2024-02-15,Random tweet content 202,de
user_78,2024-02-24,Random tweet content 203,tr
user_100,2024-02-06,Random tweet content 204,nl
user_52,2024-02-15,Random tweet content 205,es
user_86,2024-02-19,Random tweet content 206,ru
user_8,2024-02-20,Random tweet content 207,ru
user_92,2024-02-21,Random tweet content 208,fr
user_89,2024-02-18,Random tweet content 209,nl
user_21,2024-02-28,Random tweet content 210,tr
user_27,2024-02-21,Random tweet content 211,zh
user_61,2024-02-22,Random tweet content 212,es
user_46,2024-02-01,Random tweet content 213,nl
user_13,2024-02-26,Random tweet content 214,ru
user_17,2024-02-15,Random tweet content 215,ru
user_55,2024-02-16,Random tweet content 216,ja
user_27,2024-02-04,Random tweet content 217,tr
user_94,2024-02-15,Random tweet content 218,it
user_1,2024-02-24,Random tweet content 219,fr
user_98,2024-02-12,Random tweet content 220,tr
user_85,2024-02-24,Random tweet content 221,en
user_93,2024-02-25,Random tweet content 222,fr
user_13,2024-02-21,Random tweet content 223,zh
user_90,2024-02-03,Random tweet content 224,nl
user_96,2024-02-01,Random tweet content 225,it
user_83,2024-02-16,Random tweet content 226,es
user_61,2024-02-02,Random tweet content 227,it
user_15,2024-02-16,Random tweet content 228,es
user_9,2024-02-07,Random tweet content 229,de
user_74,2024-02-02,Random tweet content 230,zh
user_82,2024-02-17,Random tweet content 231,en
user_75,2024-02-25,Random tweet content 232,fr
user_6,2024-02-24,Random tweet content 233,it
user_17,2024-02-09,Random tweet content 234,en
user_9,2024-02-25,Random tweet content 235,nl
user_66,2024-02-22,Random tweet content 236,en
user_44,2024-02-21,Random tweet content 237,ru
user_55,2024-02-22,Random tweet content 238,tr
user_38,2024-02-01,Random tweet content 239,nl
user_45,2024-02-05,Random tweet content 240,es
user_51,2024-02-01,Random tweet content 241,de
user_64,2024-02-02,Random tweet content 242,zh
user_30,2024-02-06,Random tweet content 243,en
user_15,2024-02-06,Random tweet content 244,en
user_13,2024-02-27,Random tweet content 245,es
user_17,2024-02-02,Random tweet content 246,de
user_46,2024-02-15,Random tweet content 247,it
user_22,2024-02-21,Random tweet content 248,ja
user_27,2024-02-20,Random tweet content 249,fr
user_81,2024-02-02,Random tweet content 250,ru
user_45,2024-02-22,Random tweet content 251,tr
user_73,2024-02-09,Random tweet content 252,it
user_51,2024-02-27,Random tweet content 253,zh
user_77,2024-02-07,Random tweet content 254,it
user_66,2024-02-22,Random tweet content 255,fr
user_19,2024-02-24,Random tweet content 256,zh
user_44,2024-02-24,Random tweet content 257,de
user_42,2024-02-20,Random tweet content 258,en
user_40,2024-02-07,Random tweet content 259,es
user_96,2024-02-22,Random tweet content 260,tr
user_86,2024-02-16,Random tweet content 261,fr
user_74,2024-02-08,Random tweet content 262,es
user_27,2024-02-14,Random tweet content 263,nl
user_65,2024-02-04,Random tweet content 264,zh
user_36,2024-02-27,Random tweet content 265,ru
user_40,2024-02-08,Random tweet content 266,es
user_47,2024-02-23,Random tweet content 267,ja
user_6,2024-02-06,Random tweet content 268,ru
user_67,2024-02-03,Random tweet content 269,de
user_75,2024-02-08,Random tweet content 270,zh
user_60,2024-02-28,Random tweet content 271,zh
user_40,2024-02-09,Random tweet content 272,tr
user_1,2024-02-28,Random tweet content 273,tr
user_37,2024-02-12,Random tweet content 274,ja
user_37,2024-02-11,Random tweet content 275,nl
user_98,2024-02-06,Random tweet content 276,de
user_77,2024-02-20,Random tweet content 277,en
user_84,2024-02-08,Random tweet content 278,en
user_35,2024-02-10,Random tweet content 279,nl
user_25,2024-02-28,Random tweet content 280,tr
user_4,2024-02-18,Random tweet content 281,tr
user_56,2024-02-21,Random tweet content 282,es
user_43,2024-02-24,Random tweet content 283,nl
user_96,2024-02-10,Random tweet content 284,zh
user_89,2024-02-25,Random tweet content 285,ja
user_52,2024-02-28,Random tweet content 286,es
user_57,2024-02-11,Random tweet content 287,nl
user_34,2024-02-07,Random tweet content 288,en
user_51,2024-02-06,Random tweet content 289,ja
user_14,2024-02-27,Random tweet content 290,ja
user_7,2024-02-07,Random tweet content 291,de
user_69,2024-02-06,Random tweet content 292,nl
user_23,2024-02-22,Random tweet content 293,tr
user_13,2024-02-26,Random tweet content 294,zh
user_73,2024-02-20,Random tweet content 295,en
user_54,2024-02-27,Random tweet content 296,ru
user_12,2024-02-14,Random tweet content 297,ja
user_48,2024-02-16,Random tweet content 298,en
user_44,2024-02-07,Random tweet content 299,nl
user_20,2024-02-11,Random tweet content 300,en
user_2,2024-02-22,Random tweet content 301,es
user_6,2024-02-01,Random tweet content 302,ja
user_1,2024-02-04,Random tweet content 303,es
user_26,2024-02-20,Random tweet content 304,tr
user_72,2024-02-25,Random tweet content 305,de
user_22,2024-02-25,Random tweet content 306,tr
user_79,2024-02-21,Random tweet content 307,en
user_70,2024-02-01,Random tweet content 308,ru
user_75,2024-02-28,Random tweet content 309,it
user_99,2024-02-10,Random tweet content 310,fr
user_57,2024-02-23,Random tweet content 311,ja
user_53,2024-02-02,Random tweet content 312,tr
user_100,2024-02-11,Random tweet content 313,it
user_99,2024-02-15,Random tweet content 314,de
user_8,2024-02-04,Random tweet content 315,tr
user_68,2024-02-28,Random tweet content 316,it
user_62,2024-02-25,Random tweet content 317,de
user_38,2024-02-21,Random tweet content 318,en
user_71,2024-02-03,Random tweet content 319,es
user_82,2024-02-21,Random tweet content 320,fr
user_1,2024-02-13,Random tweet content 321,tr
user_17,2024-02-22,Random tweet content 322,ru
user_16,2024-02-15,Random tweet content 323,de
user_42,2024-02-14,Random tweet content 324,fr
user_22,2024-02-10,Random tweet content 325,de
user_63,2024-02-23,Random tweet content 326,fr
user_17,2024-02-24,Random tweet content 327,fr
user_6,2024-02-08,Random tweet content 328,ja
user_37,2024-02-10,Random tweet content 329,ru
user_1,2024-02-01,Random tweet content 330,es
user_23,2024-02-07,Random tweet content 331,it
user_31,2024-02-10,Random tweet content 332,ru
user_1,2024-02-23,Random tweet content 333,fr
user_30,2024-02-05,Random tweet content 334,de
user_14,2024-02-27,Random tweet content 335,fr
user_80,2024-02-25,Random tweet content 336,tr
user_79,2024-02-09,Random tweet content 337,it
user_50,2024-02-05,Random tweet content 338,fr
user_46,2024-02-21,Random tweet content 339,en
user_10,2024-02-27,Random tweet content 340,ru
user_44,2024-02-18,Random tweet content 341,es
user_19,2024-02-03,Random tweet content 342,tr
user_71,2024-02-15,Random tweet content 343,ja
user_27,2024-02-17,Random tweet content 344,tr
user_20,2024-02-28,Random tweet content 345,fr
user_15,2024-02-18,Random tweet content 346,it
user_90,2024-02-05,Random tweet content 347,ja
user_16,2024-02-24,Random tweet content 348,ja
user_28,2024-02-13,Random tweet content 349,tr
user_69,2024-02-17,Random tweet content 350,es
user_90,2024-02-06,Random tweet content 351,fr
user_7,2024-02-10,Random tweet content 352,es
user_83,2024-02-18,Random tweet content 353,de
user_19,2024-02-23,Random tweet content 354,tr
user_69,2024-02-28,Random tweet content 355,en
user_38,2024-02-27,Random tweet content 356,de
user_63,2024-02-09,Random tweet content 357,tr
user_30,2024-02-12,Random tweet content 358,es
user_19,2024-02-01,Random tweet content 359,de
user_52,2024-02-15,Random tweet content 360,ja
user_41,2024-02-05,Random tweet content 361,it
user_45,2024-02-25,Random tweet content 362,en
user_74,2024-02-15,Random tweet content 363,ru
user_26,2024-02-11,Random tweet content 364,ru
user_65,2024-02-11,Random tweet content 365,en
user_24,2024-02-06,Random tweet content 366,de
user_39,2024-02-13,Random tweet content 367,ru
user_29,2024-02-10,Random tweet content 368,fr
user_74,2024-02-12,Random tweet content 369,ru
user_89,2024-02-20,Random tweet content 370,de
user_55,2024-02-02,Random tweet content 371,en
user_85,2024-02-05,Random tweet content 372,ru
user_69,2024-02-11,Random tweet content 373,en
user_87,2024-02-07,Random tweet content 374,zh
user_63,2024-02-20,Random tweet content 375,ja
user_25,2024-02-03,Random tweet content 376,zh
user_51,2024-02-10,Random tweet content 377,ja
user_18,2024-02-21,Random tweet content 378,es
user_84,2024-02-13,Random tweet content 379,es
user_71,2024-02-13,Random tweet content 380,es
user_49,2024-02-04,Random tweet content 381,fr
user_87,2024-02-10,Random tweet content 382,fr
user_56,2024-02-11,Random tweet content 383,zh
user_6,2024-02-27,Random tweet content 384,tr
user_56,2024-02-11,Random tweet content 385,en
user_71,2024-02-24,Random tweet content 386,nl
user_65,2024-02-16,Random tweet content 387,de
user_50,2024-02-10,Random tweet content 388,de
user_73,2024-02-25,Random tweet content 389,nl
user_61,2024-02-16,Random tweet content 390,zh
user_81,2024-02-11,Random tweet content 391,it
user_56,2024-02-21,Random tweet content 392,nl
user_55,2024-02-18,Random tweet content 393,nl
user_53,2024-02-05,Random tweet content 394,en
user_48,2024-02-23,Random tweet content 395,zh
user_14,2024-02-12,Random tweet content 396,es
user_84,2024-02-09,Random tweet content 397,fr
user_32,2024-02-10,Random tweet content 398,en
user_65,2024-02-06,Random tweet content 399,zh
user_87,2024-02-17,Random tweet content 400,fr
user_10,2024-02-25,Random tweet content 401,nl
user_21,2024-02-02,Random tweet content 402,es
user_20,2024-02-05,Random tweet content 403,nl
user_18,2024-02-12,Random tweet content 404,zh
user_71,2024-02-10,Random tweet content 405,tr
user_64,2024-02-15,Random tweet content 406,ja
user_96,2024-02-14,Random tweet content 407,nl
user_59,2024-02-20,Random tweet content 408,es
user_77,2024-02-05,Random tweet content 409,es
user_27,2024-02-07,Random tweet content 410,it
user_22,2024-02-08,Random tweet content 411,es
user_81,2024-02-21,Random tweet content 412,zh
user_47,2024-02-10,Random tweet content 413,en
user_59,2024-02-22,Random tweet content 414,tr
user_100,2024-02-01,Random tweet content 415,tr
user_67,2024-02-05,Random tweet content 416,tr
user_30,2024-02-19,Random tweet content 417,fr
user_7,2024-02-02,Random tweet content 418,en
user_12,2024-02-25,Random tweet content 419,es
user_52,2024-02-03,Random tweet content 420,en
user_39,2024-02-14,Random tweet content 421,es
user_85,2024-02-02,Random tweet content 422,en
user_42,2024-02-12,Random tweet content 423,it
user_16,2024-02-06,Random tweet content 424,it
user_22,2024-02-15,Random tweet content 425,es
user_62,2024-02-16,Random tweet content 426,es
user_71,2024-02-13,Random tweet content 427,zh
user_87,2024-02-28,Random tweet content 428,en
user_92,2024-02-05,Random tweet content 429,es
user_4,2024-02-22,Random tweet content 430,zh
user_59,2024-02-19,Random tweet content 431,en
user_86,2024-02-21,Random tweet content 432,de
user_82,2024-02-10,Random tweet content 433,en
user_100,2024-02-01,Random tweet content 434,en
user_47,2024-02-12,Random tweet content 435,tr
user_6,2024-02-06,Random tweet content 436,ja
user_97,2024-02-04,Random tweet content 437,fr
user_68,2024-02-12,Random tweet content 438,de
user_17,2024-02-20,Random tweet content 439,de
user_87,2024-02-20,Random tweet content 440,nl
user_23,2024-02-10,Random tweet content 441,fr
user_35,2024-02-27,Random tweet content 442,es
user_62,2024-02-28,Random tweet content 443,tr
user_64,2024-02-18,Random tweet content 444,nl
user_17,2024-02-22,Random tweet content 445,tr
user_42,2024-02-02,Random tweet content 446,tr
user_58,2024-02-25,Random tweet content 447,es
user_51,2024-02-14,Random tweet content 448,ja
user_77,2024-02-04,Random tweet content 449,fr
user_40,2024-02-10,Random tweet content 450,ru
user_76,2024-02-03,Random tweet content 451,ru
user_33,2024-02-20,Random tweet content 452,it
user_39,2024-02-13,Random tweet content 453,fr
user_60,2024-02-22,Random tweet content 454,zh
user_95,2024-02-01,Random tweet content 455,de
user_39,2024-02-15,Random tweet content 456,fr
user_64,2024-02-14,Random tweet content 457,it
user_12,2024-02-23,Random tweet content 458,de
user_96,2024-02-08,Random tweet content 459,fr
user_12,2024-02-17,Random tweet content 460,ja
user_5,2024-02-06,Random tweet content 461,ru
user_24,2024-02-07,Random tweet content 462,fr
user_91,2024-02-07,Random tweet content 463,es
user_42,2024-02-21,Random tweet content 464,ja
user_22,2024-02-06,Random tweet content 465,zh
user_5,2024-02-20,Random tweet content 466,fr
user_52,2024-02-04,Random tweet content 467,ja
user_5,2024-02-15,Random tweet content 468,en
user_20,2024-02-03,Random tweet content 469,de
user_20,2024-02-25,Random tweet content 470,ja
user_49,2024-02-26,Random tweet content 471,de
user_28,2024-02-18,Random tweet content 472,it
user_35,2024-02-23,Random tweet content 473,nl
user_29,2024-02-27,Random tweet content 474,zh
user_74,2024-02-26,Random tweet content 475,nl
user_86,2024-02-04,Random tweet content 476,tr
user_31,2024-02-21,Random tweet content 477,it
user_19,2024-02-16,Random tweet content 478,en
user_69,2024-02-04,Random tweet content 479,zh
user_99,2024-02-07,Random tweet content 480,es
user_69,2024-02-02,Random tweet content 481,tr
user_49,2024-02-15,Random tweet content 482,es
user_80,2024-02-10,Random tweet content 483,nl
user_5,2024-02-27,Random tweet content 484,fr
user_23,2024-02-14,Random tweet content 485,de
user_8,2024-02-18,Random tweet content 486,fr
user_85,2024-02-04,Random tweet content 487,nl
user_82,2024-02-14,Random tweet content 488,nl
user_1,2024-02-27,Random tweet content 489,fr
user_90,2024-02-16,Random tweet content 490,fr
user_20,2024-02-15,Random tweet content 491,tr
user_65,2024-02-25,Random tweet content 492,ru
user_95,2024-02-07,Random tweet content 493,ja
user_47,2024-02-01,Random tweet content 494,tr
user_47,2024-02-28,Random tweet content 495,zh
user_60,2024-02-19,Random tweet content 496,nl
user_11,2024-02-24,Random tweet content 497,es
user_12,2024-02-11,Random tweet content 498,zh
user_41,2024-02-10,Random tweet content 499,ru
